filename,level,change_pattern,noise_pct,n_traces,ground_truth_trace,detected_trace,estimation_error,alarm_trace,detection_lag,outcome,detection_score,threshold,localized_edges,localized_nodes,drift_nature,cause
Atomic_ConditionalMove_output_ConditionalMove.xes.gz,Atomic,ConditionalMove,0.0,2999,900,950,50,1100,200,TP,0.05398099,0.0151651,o1->o2 (+0.945); o11->o5 (-0.445); o10->o11 (-0.445); o1->p2 (-0.345); p1->o2 (-0.340); o1->p1 (-0.335); p7->o2 (-0.330); p2->o2 (-0.275),p2 (-0.500); p7 (-0.500); p1 (-0.500); o11 (-0.445),Sudden,Synthetic process-model change
Atomic_ConditionalMove_output_ConditionalMove.xes.gz,Atomic,ConditionalMove,0.0,2999,1900,1930,30,2080,180,TP,0.05408586,0.0151651,o1->o2 (-0.940); o11->o5 (+0.450); o10->o11 (+0.450); o1->p1 (+0.335); p7->o2 (+0.320); p2->o2 (+0.320); o1->p7 (+0.305); o1->p2 (+0.300),p2 (+0.490); p7 (+0.490); p1 (+0.490); o11 (+0.450),Sudden,Synthetic process-model change
Atomic_ConditionalMove_output_ConditionalMove_2.xes.gz,Atomic,ConditionalMove,2.5,2999,900,940,40,1090,190,TP,0.08214469,0.05134263,o1->o2 (+0.935); o11->o5 (-0.445); o10->o11 (-0.420); p1->o2 (-0.345); o1->p1 (-0.335); o1->p2 (-0.330); p7->o2 (-0.325); p2->p7 (-0.270),p2 (-0.515); p7 (-0.515); p1 (-0.515); o11 (-0.425),Sudden,Synthetic process-model change
Atomic_ConditionalMove_output_ConditionalMove_2.xes.gz,Atomic,ConditionalMove,2.5,2999,1900,1930,30,2080,180,TP,0.08454677,0.05134263,o1->o2 (-0.905); o10->o11 (+0.450); o11->o5 (+0.440); o1->p1 (+0.325); p2->o2 (+0.315); p7->o2 (+0.315); o1->p7 (+0.305); p1->o2 (+0.295),p2 (+0.485); p1 (+0.485); p7 (+0.480); o11 (+0.445),Sudden,Synthetic process-model change
Atomic_ConditionalMove_output_ConditionalMove_5.xes.gz,Atomic,ConditionalMove,5.0,2999,900,950,50,1100,200,TP,0.09179898,0.05869115,o1->o2 (+0.925); o10->o11 (-0.430); o11->o5 (-0.415); p1->o2 (-0.340); o1->p2 (-0.335); o1->p1 (-0.330); p7->o2 (-0.320); p2->o2 (-0.270),p1 (-0.500); p2 (-0.495); p7 (-0.495); o11 (-0.445),Sudden,Synthetic process-model change
Atomic_ConditionalMove_output_ConditionalMove_5.xes.gz,Atomic,ConditionalMove,5.0,2999,1900,1950,50,2100,200,TP,0.09514262,0.05869115,o1->o2 (-0.900); o10->o11 (+0.455); o11->o5 (+0.450); p2->o2 (+0.335); o1->p1 (+0.325); o1->p2 (+0.295); p7->o2 (+0.285); o1->p7 (+0.285),p1 (+0.475); p2 (+0.470); p7 (+0.470); o11 (+0.445),Sudden,Synthetic process-model change
Atomic_ConditionalRemoval_output_ConditionalRemoval.xes.gz,Atomic,ConditionalRemoval,0.0,2999,900,950,50,1100,200,TP,0.03198384,0.01663264,o3->o4 (-0.465); o2->o3 (-0.465); p7->o4 (+0.205); p2->p1 (+0.200); p1->p7 (+0.175); o2->p2 (+0.175); p1->p2 (+0.155); o2->p7 (+0.150),p2 (+0.465); p7 (+0.465); o3 (-0.465); p1 (+0.465),Sudden,Synthetic process-model change
Atomic_ConditionalRemoval_output_ConditionalRemoval.xes.gz,Atomic,ConditionalRemoval,0.0,2999,1900,1950,50,2100,200,TP,0.03505987,0.01663264,o3->o4 (+0.455); o2->o3 (+0.455); p7->o4 (-0.190); p1->p2 (-0.170); p2->p1 (-0.170); p1->p7 (-0.170); o2->p2 (-0.155); p2->o4 (-0.150),p2 (-0.455); p7 (-0.455); o3 (+0.455); p1 (-0.455),Sudden,Synthetic process-model change
Atomic_ConditionalRemoval_output_ConditionalRemoval_2.xes.gz,Atomic,ConditionalRemoval,2.5,2999,900,960,60,1110,210,TP,0.05955504,0.05066853,o3->o4 (-0.485); o2->o3 (-0.465); p2->p1 (+0.200); p7->o4 (+0.185); o2->p2 (+0.165); p1->p7 (+0.165); o2->p7 (+0.165); p7->p2 (+0.155),p1 (+0.480); p2 (+0.475); p7 (+0.475); o3 (-0.475),Sudden,Synthetic process-model change
Atomic_ConditionalRemoval_output_ConditionalRemoval_2.xes.gz,Atomic,ConditionalRemoval,2.5,2999,1900,1950,50,2100,200,TP,0.07100158,0.05066853,o3->o4 (+0.455); o2->o3 (+0.450); p7->o4 (-0.195); p1->p7 (-0.170); p1->p2 (-0.160); p2->p1 (-0.160); o2->p7 (-0.150); o2->p1 (-0.150),p2 (-0.455); p7 (-0.455); o3 (+0.455); p1 (-0.455),Sudden,Synthetic process-model change
Atomic_ConditionalRemoval_output_ConditionalRemoval_5.xes.gz,Atomic,ConditionalRemoval,5.0,2999,900,950,50,1100,200,TP,0.10099141,0.06888083,i->be (+0.510); be->j (+0.510); o2->o3 (-0.440); o3->o4 (-0.430); i->j (-0.425); p7->o4 (+0.205); p2->p1 (+0.195); o2->p2 (+0.180),p1 (+0.470); p2 (+0.465); o3 (-0.460); p7 (+0.460); be (+0.405); ce (-0.140),Sudden,Synthetic process-model change
Atomic_ConditionalRemoval_output_ConditionalRemoval_5.xes.gz,Atomic,ConditionalRemoval,5.0,2999,1900,1970,70,2120,220,TP,0.09482245,0.06888083,i->be (-0.610); be->j (-0.600); i->j (+0.535); o2->o3 (+0.405); o3->o4 (+0.395); p7->o4 (-0.170); p1->p7 (-0.165); p2->p1 (-0.160),be (-0.545); p7 (-0.420); p2 (-0.410); o3 (+0.410); p1 (-0.410),Sudden,Synthetic process-model change
Atomic_ConditionalToSequence_output_ConditionalToSequence.xes.gz,Atomic,ConditionalToSequence,0.0,2999,900,950,50,1100,200,TP,0.03805306,0.01457109,p3->p4 (+0.290); p4->p10 (+0.285); o6->p3 (+0.235); p10->p3 (+0.215); p7->o7 (+0.205); p5->p6 (+0.185); o6->p7 (-0.180); o6->p6 (-0.170),p4 (+0.510); p3 (+0.510); p10 (+0.510); p7 (+0.425); p5 (+0.425); p6 (+0.425),Sudden,Synthetic process-model change
Atomic_ConditionalToSequence_output_ConditionalToSequence.xes.gz,Atomic,ConditionalToSequence,0.0,2999,1900,1950,50,2100,200,TP,0.0389321,0.01457109,p10->p3 (-0.250); p4->p10 (-0.220); p6->p7 (-0.205); o6->p4 (-0.200); o6->p7 (+0.195); o6->p10 (-0.180); p7->p5 (-0.180); o6->p6 (+0.170),p4 (-0.525); p3 (-0.525); p10 (-0.525); p7 (-0.430); p5 (-0.430); p6 (-0.430),Sudden,Synthetic process-model change
Atomic_ConditionalToSequence_output_ConditionalToSequence_2.xes.gz,Atomic,ConditionalToSequence,2.5,2999,900,950,50,1100,200,TP,0.07310658,0.06235932,p4->p10 (+0.285); p3->p4 (+0.280); o6->p3 (+0.235); p10->p3 (+0.210); p7->o7 (+0.205); p5->p6 (+0.180); o6->p7 (-0.175); j->be (-0.175),p4 (+0.515); p3 (+0.510); p10 (+0.510); p7 (+0.425); p5 (+0.425); p6 (+0.420); be (-0.135); de (+0.085),Sudden,Synthetic process-model change
Atomic_ConditionalToSequence_output_ConditionalToSequence_2.xes.gz,Atomic,ConditionalToSequence,2.5,2999,1900,1950,50,2100,200,TP,0.06797176,0.06235932,p10->p3 (-0.245); p4->p10 (-0.210); o6->p4 (-0.205); o6->p7 (+0.195); p6->p7 (-0.195); o6->p10 (-0.180); o6->p6 (+0.170); p7->p5 (-0.170),p4 (-0.525); p3 (-0.525); p10 (-0.520); p6 (-0.430); p7 (-0.425); p5 (-0.420),Sudden,Synthetic process-model change
Atomic_ConditionalToSequence_output_ConditionalToSequence_5.xes.gz,Atomic,ConditionalToSequence,5.0,2999,900,970,70,1120,220,TP,0.09201662,0.06899684,i->be (-0.610); be->j (-0.610); i->j (+0.510); p3->p4 (+0.255); p4->p10 (+0.235); p10->p3 (+0.210); p7->o7 (+0.210); o6->p3 (+0.205),be (-0.505); p4 (+0.465); p3 (+0.465); p10 (+0.460); p6 (+0.405); p7 (+0.400); p5 (+0.400),Sudden,Synthetic process-model change
Atomic_ConditionalToSequence_output_ConditionalToSequence_5.xes.gz,Atomic,ConditionalToSequence,5.0,2999,1900,1950,50,2100,200,TP,0.07686801,0.06899684,p10->p3 (-0.250); p4->p10 (-0.220); p6->p7 (-0.215); o6->p4 (-0.200); o6->p7 (+0.190); p7->p5 (-0.175); o6->p6 (+0.170); o6->p10 (-0.170),p3 (-0.525); p10 (-0.525); p4 (-0.520); p6 (-0.425); p7 (-0.425); p5 (-0.420); ae (-0.130),Sudden,Synthetic process-model change
Atomic_Frequency_output_Frequency.xes.gz,Atomic,Frequency,0.0,2999,900,940,40,1090,190,TP,0.0518842,0.01816643,o->q3 (+0.235); o->p3 (-0.230); p3->p2 (-0.225); q1->u (+0.215); p1->u (-0.215); p2->p1 (-0.215); q3->q1 (+0.210); q3->q2 (+0.210),p2 (-0.565); p3 (-0.565); p1 (-0.565); q1 (+0.565); q3 (+0.565); q2 (+0.565),Sudden,Synthetic process-model change
Atomic_Frequency_output_Frequency.xes.gz,Atomic,Frequency,0.0,2999,1900,1950,50,2100,200,TP,0.04182746,0.01816643,p3->p2 (+0.235); q1->q3 (-0.235); q2->u (-0.230); q3->q2 (-0.225); o->p1 (+0.225); o->p3 (+0.220); o->q1 (-0.210); p1->p2 (+0.210),p2 (+0.545); p3 (+0.545); p1 (+0.545); q1 (-0.545); q3 (-0.545); q2 (-0.545),Sudden,Synthetic process-model change
Atomic_Frequency_output_Frequency_2.xes.gz,Atomic,Frequency,2.5,2999,900,940,40,1090,190,TP,0.08050435,0.05465069,o->q3 (+0.235); o->p3 (-0.230); p3->p2 (-0.225); p1->u (-0.220); q1->u (+0.215); p2->p1 (-0.215); q3->q1 (+0.210); q3->q2 (+0.210),p1 (-0.580); p2 (-0.565); p3 (-0.565); q1 (+0.565); q3 (+0.565); q2 (+0.560); ee (+0.110); ae (-0.070),Sudden,Synthetic process-model change
Atomic_Frequency_output_Frequency_2.xes.gz,Atomic,Frequency,2.5,2999,1900,1950,50,2100,200,TP,0.07852397,0.05465069,p3->p2 (+0.235); q1->q3 (-0.235); q2->u (-0.235); q3->q2 (-0.225); o->p1 (+0.225); o->p3 (+0.220); o->q1 (-0.210); p1->p2 (+0.210),q2 (-0.550); p2 (+0.545); p3 (+0.545); q1 (-0.545); q3 (-0.545); p1 (+0.540); ee (-0.110),Sudden,Synthetic process-model change
Atomic_Frequency_output_Frequency_5.xes.gz,Atomic,Frequency,5.0,2999,900,940,40,1090,190,TP,0.0994531,0.06903664,y->ce (+0.390); ce->z (+0.390); y->z (-0.320); o->q3 (+0.235); o->p3 (-0.230); p3->p2 (-0.225); q1->u (+0.215); p1->u (-0.215),q1 (+0.570); p1 (-0.565); p3 (-0.565); q2 (+0.565); p2 (-0.560); q3 (+0.555); ce (+0.310); de (-0.090),Sudden,Synthetic process-model change
Atomic_Frequency_output_Frequency_5.xes.gz,Atomic,Frequency,5.0,2999,1900,1950,50,2100,200,TP,0.08807215,0.06903664,y->ce (-0.330); ce->z (-0.330); y->z (+0.290); p3->p2 (+0.235); q1->q3 (-0.235); q3->q2 (-0.225); o->p1 (+0.225); q2->u (-0.225),q1 (-0.545); q2 (-0.545); p3 (+0.540); p1 (+0.540); p2 (+0.535); q3 (-0.535); ce (-0.275); be (+0.125),Sudden,Synthetic process-model change
Atomic_Loop_output_Loop.xes.gz,Atomic,Loop,0.0,2999,900,930,30,1080,180,TP,0.01357509,0.01262811,p9->p1 (+0.640),,Sudden,Synthetic process-model change
Atomic_Loop_output_Loop.xes.gz,Atomic,Loop,0.0,2999,1900,2000,100,2150,250,TP,0.01431554,0.01262811,p9->p1 (-0.535),,Sudden,Synthetic process-model change
Atomic_Loop_output_Loop_2.xes.gz,Atomic,Loop,2.5,2999,1900,1990,90,2140,240,TP,0.05203514,0.05110878,p9->p1 (-0.575),,Sudden,Synthetic process-model change
Atomic_Loop_output_Loop_2.xes.gz,Atomic,Loop,2.5,2999,900,,,,,FN,,0.05110878,,,Sudden,Synthetic process-model change
Atomic_Loop_output_Loop_5.xes.gz,Atomic,Loop,5.0,2999,900,,,,,FN,,0.06749977,,,Sudden,Synthetic process-model change
Atomic_Loop_output_Loop_5.xes.gz,Atomic,Loop,5.0,2999,1900,,,,,FN,,0.06749977,,,Sudden,Synthetic process-model change
Atomic_ParallelMove_output_ParallelMove.xes.gz,Atomic,ParallelMove,0.0,2999,900,940,40,1090,190,TP,0.06175616,0.01345789,DRIFT_PO->o1 (+0.950); o11->o5 (-0.495); o10->o11 (-0.455); DRIFT_PO->n1 (-0.395); n1->o1 (-0.395); DRIFT_PO->n7 (-0.285); n7->o1 (-0.285); DRIFT_PO->n2 (-0.270),,Sudden,Synthetic process-model change
Atomic_ParallelMove_output_ParallelMove.xes.gz,Atomic,ParallelMove,0.0,2999,1900,1940,40,2090,190,TP,0.06306873,0.01345789,DRIFT_PO->o1 (-0.940); o10->o11 (+0.475); o11->o5 (+0.465); DRIFT_PO->n2 (+0.335); n2->o1 (+0.335); DRIFT_PO->n1 (+0.320); n1->o1 (+0.320); DRIFT_PO->n7 (+0.285),,Sudden,Synthetic process-model change
Atomic_ParallelMove_output_ParallelMove_2.xes.gz,Atomic,ParallelMove,2.5,2999,900,950,50,1100,200,TP,0.09259514,0.05850523,DRIFT_PO->o1 (+0.900); o11->o5 (-0.520); o10->o11 (-0.435); n7->o1 (-0.360); DRIFT_PO->n7 (-0.350); DRIFT_PO->n1 (-0.325); n1->o1 (-0.325); n2->o1 (-0.250),,Sudden,Synthetic process-model change
Atomic_ParallelMove_output_ParallelMove_2.xes.gz,Atomic,ParallelMove,2.5,2999,1900,1950,50,2100,200,TP,0.10389475,0.05850523,DRIFT_PO->o1 (-0.900); o11->o5 (+0.550); o10->o11 (+0.430); n1->o1 (+0.345); n2->o1 (+0.330); n7->o1 (+0.280); DRIFT_PO->n2 (+0.255); DRIFT_PO->n1 (+0.235),de (+0.170),Sudden,Synthetic process-model change
Atomic_ParallelMove_output_ParallelMove_5.xes.gz,Atomic,ParallelMove,5.0,2999,900,940,40,1090,190,TP,0.10503212,0.06371547,DRIFT_PO->o1 (+0.920); o11->o5 (-0.465); o10->o11 (-0.440); DRIFT_PO->n1 (-0.395); n1->o1 (-0.385); DRIFT_PO->n7 (-0.285); n7->o1 (-0.285); DRIFT_PO->n2 (-0.260),,Sudden,Synthetic process-model change
Atomic_ParallelMove_output_ParallelMove_5.xes.gz,Atomic,ParallelMove,5.0,2999,1900,1940,40,2090,190,TP,0.09802958,0.06371547,DRIFT_PO->o1 (-0.920); o10->o11 (+0.465); o11->o5 (+0.430); DRIFT_PO->n2 (+0.325); n2->o1 (+0.320); DRIFT_PO->n1 (+0.320); n1->o1 (+0.310); DRIFT_PO->n7 (+0.285),,Sudden,Synthetic process-model change
Atomic_ParallelRemoval_output_ParallelRemoval.xes.gz,Atomic,ParallelRemoval,0.0,2999,900,930,30,1080,180,TP,0.03649879,0.01657644,o2->o3 (-0.540); o3->o4 (-0.400); o2->n2 (+0.215); n2->o3 (+0.215); n1->o3 (+0.170); n2->o4 (+0.170); o2->n1 (+0.170); o3->n2 (+0.170),n2 (+0.385); n1 (+0.315); n7 (+0.240),Sudden,Synthetic process-model change
Atomic_ParallelRemoval_output_ParallelRemoval.xes.gz,Atomic,ParallelRemoval,0.0,2999,1900,1950,50,2100,200,TP,0.04077268,0.01657644,o3->o4 (+0.480); o2->o3 (+0.480); n7->o4 (-0.180); o3->n7 (-0.180); o2->n7 (-0.170); n7->o3 (-0.170); o2->n2 (-0.165); n2->o3 (-0.165),n7 (-0.350); n1 (-0.310); n2 (-0.300),Sudden,Synthetic process-model change
Atomic_ParallelRemoval_output_ParallelRemoval_2.xes.gz,Atomic,ParallelRemoval,2.5,2999,900,930,30,1080,180,TP,0.06836568,0.05207485,o2->o3 (-0.540); o3->o4 (-0.385); n2->o3 (+0.215); o2->n2 (+0.205); n2->o4 (+0.170); n1->o3 (+0.170); o2->n1 (+0.170); o3->n2 (+0.170),n2 (+0.380); n1 (+0.320); n7 (+0.240),Sudden,Synthetic process-model change
Atomic_ParallelRemoval_output_ParallelRemoval_2.xes.gz,Atomic,ParallelRemoval,2.5,2999,1900,1950,50,2100,200,TP,0.07045905,0.05207485,o2->o3 (+0.480); o3->o4 (+0.470); o3->n7 (-0.180); n7->o4 (-0.170); o2->n7 (-0.165); n1->o4 (-0.165); n7->o3 (-0.165); n2->o3 (-0.165),n7 (-0.345); n1 (-0.315); n2 (-0.295),Sudden,Synthetic process-model change
Atomic_ParallelRemoval_output_ParallelRemoval_5.xes.gz,Atomic,ParallelRemoval,5.0,2999,900,930,30,1080,180,TP,0.07792573,0.05745901,o2->o3 (-0.520); o3->o4 (-0.365); n2->o3 (+0.210); o2->n2 (+0.200); n2->o4 (+0.170); n1->o3 (+0.170); o2->n1 (+0.160); o3->n2 (+0.160),n2 (+0.380); n1 (+0.310); n7 (+0.255),Sudden,Synthetic process-model change
Atomic_ParallelRemoval_output_ParallelRemoval_5.xes.gz,Atomic,ParallelRemoval,5.0,2999,1900,1950,50,2100,200,TP,0.08395069,0.05745901,o2->o3 (+0.475); o3->o4 (+0.460); n7->o4 (-0.175); o3->n7 (-0.175); o2->n7 (-0.170); o3->n1 (-0.165); n1->o4 (-0.165); n7->o3 (-0.165),n7 (-0.350); n1 (-0.310); n2 (-0.305),Sudden,Synthetic process-model change
Atomic_ParallelToSequence_output_ParallelToSequence.xes.gz,Atomic,ParallelToSequence,0.0,2999,900,950,50,1100,200,TP,0.05926619,0.0192542,n4->n5 (+0.830); o5->n5 (-0.495); o5->n3 (+0.495); n6->o6 (+0.495); n4->o6 (-0.495); n3->n10 (+0.450); n5->n8 (+0.400); n8->n6 (+0.360),,Sudden,Synthetic process-model change
Atomic_ParallelToSequence_output_ParallelToSequence.xes.gz,Atomic,ParallelToSequence,0.0,2999,1900,1920,20,2070,170,TP,0.04701927,0.0192542,n4->n5 (-0.745); n6->o6 (-0.465); n4->o6 (+0.465); n3->n10 (-0.400); o5->n5 (+0.390); o5->n3 (-0.390); n5->n8 (-0.320); n8->n6 (-0.285),,Sudden,Synthetic process-model change
Atomic_ParallelToSequence_output_ParallelToSequence_2.xes.gz,Atomic,ParallelToSequence,2.5,2999,900,960,60,1110,210,TP,0.09200165,0.05372229,n4->n5 (+0.800); o5->n3 (+0.470); o5->n5 (-0.470); n6->o6 (+0.460); n3->n10 (+0.450); n4->o6 (-0.425); n5->n8 (+0.390); n8->n6 (+0.345),de (-0.240); ee (+0.085),Sudden,Synthetic process-model change
Atomic_ParallelToSequence_output_ParallelToSequence_2.xes.gz,Atomic,ParallelToSequence,2.5,2999,1900,1940,40,2090,190,TP,0.07769122,0.05372229,n4->n5 (-0.795); n4->o6 (+0.455); n6->o6 (-0.455); o5->n3 (-0.435); o5->n5 (+0.435); n3->n10 (-0.405); n5->n8 (-0.360); n8->n6 (-0.310),,Sudden,Synthetic process-model change
Atomic_ParallelToSequence_output_ParallelToSequence_5.xes.gz,Atomic,ParallelToSequence,5.0,2999,900,950,50,1100,200,TP,0.10643223,0.05848798,n4->n5 (+0.830); j->de (-0.550); de->k (-0.545); o5->n3 (+0.495); o5->n5 (-0.495); n6->o6 (+0.495); n3->n10 (+0.450); n4->o6 (-0.425),de (-0.420),Sudden,Synthetic process-model change
Atomic_ParallelToSequence_output_ParallelToSequence_5.xes.gz,Atomic,ParallelToSequence,5.0,2999,1900,1940,40,2090,190,TP,0.10902234,0.05848798,n4->n5 (-0.795); i->ee (+0.590); ee->j (+0.580); i->j (-0.455); o5->n3 (-0.435); o5->n5 (+0.435); n4->o6 (+0.430); n3->n10 (-0.405),ee (+0.475); de (-0.205); be (-0.135),Sudden,Synthetic process-model change
Atomic_SerialMove_output_SerialMove.xes.gz,Atomic,SerialMove,0.0,2999,900,950,50,1100,200,TP,0.06884795,0.01482332,o10->o5 (-0.940); o1->o2 (+0.940); o1->p1 (-0.430); p2->o2 (-0.360); p7->o2 (-0.355); p1->o5 (+0.340); o10->p1 (+0.340); o10->p2 (+0.310),,Sudden,Synthetic process-model change
Atomic_SerialMove_output_SerialMove.xes.gz,Atomic,SerialMove,0.0,2999,1900,1950,50,2100,200,TP,0.07251579,0.01482332,o10->o5 (+0.945); o1->o2 (-0.945); p2->o2 (+0.335); p1->o5 (-0.325); o10->p2 (-0.320); o1->p1 (+0.320); o1->p7 (+0.320); p7->o5 (-0.315),,Sudden,Synthetic process-model change
Atomic_SerialMove_output_SerialMove_2.xes.gz,Atomic,SerialMove,2.5,2999,900,950,50,1100,200,TP,0.09738262,0.04628314,o1->o2 (+0.935); o10->o5 (-0.910); o1->p1 (-0.425); p2->o2 (-0.360); p7->o2 (-0.355); p1->o5 (+0.335); o10->p1 (+0.325); o10->p2 (+0.305),ce (-0.175),Sudden,Synthetic process-model change
Atomic_SerialMove_output_SerialMove_2.xes.gz,Atomic,SerialMove,2.5,2999,1900,1950,50,2100,200,TP,0.10271612,0.04628314,o1->o2 (-0.940); o10->o5 (+0.940); p2->o2 (+0.340); p1->o5 (-0.320); o1->p1 (+0.320); o10->p1 (-0.315); o1->p7 (+0.315); p7->o5 (-0.310),,Sudden,Synthetic process-model change
Atomic_SerialMove_output_SerialMove_5.xes.gz,Atomic,SerialMove,5.0,2999,900,950,50,1100,200,TP,0.11623787,0.06943686,o1->o2 (+0.925); o10->o5 (-0.920); o1->p1 (-0.420); p7->o2 (-0.355); p2->o2 (-0.335); o10->p1 (+0.335); p1->o5 (+0.330); o10->p2 (+0.310),ae (-0.210),Sudden,Synthetic process-model change
Atomic_SerialMove_output_SerialMove_5.xes.gz,Atomic,SerialMove,5.0,2999,1900,1950,50,2100,200,TP,0.11612578,0.06943686,o10->o5 (+0.935); o1->o2 (-0.920); p2->o2 (+0.330); p1->o5 (-0.325); o10->p2 (-0.320); o1->p7 (+0.320); o10->p7 (-0.310); o1->p1 (+0.310),de (-0.135),Sudden,Synthetic process-model change
Atomic_SerialRemoval_output_SerialRemoval.xes.gz,Atomic,SerialRemoval,0.0,2999,900,950,50,1100,200,TP,0.05096728,0.01895865,DRIFT_PO->o1 (+0.945); DRIFT_PO->n1 (-0.330); DRIFT_PO->n2 (-0.330); n2->o1 (-0.330); n1->o1 (-0.330); DRIFT_PO->n7 (-0.285); n7->o1 (-0.285),n1 (-0.330); n2 (-0.330); n7 (-0.285),Sudden,Synthetic process-model change
Atomic_SerialRemoval_output_SerialRemoval.xes.gz,Atomic,SerialRemoval,0.0,2999,1900,1950,50,2100,200,TP,0.04242045,0.01895865,DRIFT_PO->o1 (-0.945); DRIFT_PO->n1 (+0.355); n1->o1 (+0.355); DRIFT_PO->n7 (+0.315); n7->o1 (+0.315); DRIFT_PO->n2 (+0.275); n2->o1 (+0.275),n1 (+0.355); n7 (+0.315); n2 (+0.275),Sudden,Synthetic process-model change
Atomic_SerialRemoval_output_SerialRemoval_2.xes.gz,Atomic,SerialRemoval,2.5,2999,900,950,50,1100,200,TP,0.08162138,0.05891402,DRIFT_PO->o1 (+0.945); n1->o1 (-0.330); DRIFT_PO->n1 (-0.325); n2->o1 (-0.325); DRIFT_PO->n2 (-0.320); DRIFT_PO->n7 (-0.280); n7->o1 (-0.280),n1 (-0.330); n2 (-0.325); n7 (-0.290),Sudden,Synthetic process-model change
Atomic_SerialRemoval_output_SerialRemoval_2.xes.gz,Atomic,SerialRemoval,2.5,2999,1900,1930,30,2080,180,TP,0.07414134,0.05891402,DRIFT_PO->o1 (-0.905); DRIFT_PO->n1 (+0.335); n1->o1 (+0.325); n7->o1 (+0.315); DRIFT_PO->n7 (+0.310); DRIFT_PO->n2 (+0.255); n2->o1 (+0.250),n1 (+0.340); n7 (+0.325); n2 (+0.255),Sudden,Synthetic process-model change
Atomic_SerialRemoval_output_SerialRemoval_5.xes.gz,Atomic,SerialRemoval,5.0,2999,900,950,50,1100,200,TP,0.09170328,0.06146707,DRIFT_PO->o1 (+0.915); n1->o1 (-0.330); DRIFT_PO->n1 (-0.320); DRIFT_PO->n2 (-0.320); n2->o1 (-0.320); DRIFT_PO->n7 (-0.280); n7->o1 (-0.280),n2 (-0.345); n1 (-0.325); n7 (-0.285),Sudden,Synthetic process-model change
Atomic_SerialRemoval_output_SerialRemoval_5.xes.gz,Atomic,SerialRemoval,5.0,2999,1900,1950,50,2100,200,TP,0.08444223,0.06146707,DRIFT_PO->o1 (-0.920); DRIFT_PO->n1 (+0.360); n1->o1 (+0.345); DRIFT_PO->n7 (+0.310); n7->o1 (+0.295); n2->o1 (+0.275); DRIFT_PO->n2 (+0.270); z->__END__ (+0.060),n1 (+0.365); n7 (+0.325); n2 (+0.270),Sudden,Synthetic process-model change
Atomic_Skip_output_Skip.xes.gz,Atomic,Skip,0.0,2999,900,910,10,1060,160,TP,0.01742377,0.01321084,DRIFT_PO->o1 (+0.410); DRIFT_PO->n1 (-0.410); n2->o1 (-0.410); n7->n2 (-0.410); n1->n7 (-0.410),n7 (-0.410); n1 (-0.410); n2 (-0.410),Sudden,Synthetic process-model change
Atomic_Skip_output_Skip.xes.gz,Atomic,Skip,0.0,2999,1900,1960,60,2110,210,TP,0.01852462,0.01321084,DRIFT_PO->o1 (-0.485); DRIFT_PO->n1 (+0.485); n2->o1 (+0.485); n7->n2 (+0.485); n1->n7 (+0.485),n7 (+0.485); n1 (+0.485); n2 (+0.485),Sudden,Synthetic process-model change
Atomic_Skip_output_Skip_2.xes.gz,Atomic,Skip,2.5,2999,900,,,,,FN,,0.05451777,,,Sudden,Synthetic process-model change
Atomic_Skip_output_Skip_2.xes.gz,Atomic,Skip,2.5,2999,1900,,,,,FN,,0.05451777,,,Sudden,Synthetic process-model change
Atomic_Skip_output_Skip_5.xes.gz,Atomic,Skip,5.0,2999,900,990,90,1140,240,TP,0.07267941,0.07173464,ce->j (-0.555); i->ce (-0.555); i->j (+0.435); DRIFT_PO->n1 (-0.415); n1->n7 (-0.390); n7->n2 (-0.390); n2->o1 (-0.365); DRIFT_PO->o1 (+0.335),ce (-0.515); n1 (-0.410); n2 (-0.405); n7 (-0.395),Sudden,Synthetic process-model change
Atomic_Skip_output_Skip_5.xes.gz,Atomic,Skip,5.0,2999,1900,1950,50,2100,200,TP,0.08096516,0.07173464,j->ce (+0.650); ce->k (+0.645); DRIFT_PO->n1 (+0.565); n7->n2 (+0.510); n1->n7 (+0.505); n2->o1 (+0.495); DRIFT_PO->o1 (-0.425); j->k (-0.325),ce (+0.530); n1 (+0.490); n2 (+0.490); n7 (+0.485); ae (-0.105),Sudden,Synthetic process-model change
Atomic_Substitute_output_Substitute.xes.gz,Atomic,Substitute,0.0,2999,900,930,30,1080,180,TP,0.0774284,0.0143754,DRIFT_PO->n12 (-0.370); n12->o1 (-0.370); n8->n9 (+0.355); DRIFT_PO->n7 (+0.340); n7->o1 (+0.335); n9->o1 (+0.330); n7->n8 (+0.320); n9->n8 (+0.320),n7 (+0.955); n9 (+0.955); n8 (+0.955); n12 (-0.370); n2 (-0.295); n1 (-0.290),Sudden,Synthetic process-model change
Atomic_Substitute_output_Substitute.xes.gz,Atomic,Substitute,0.0,2999,1900,1940,40,2090,190,TP,0.08647804,0.0143754,n9->n7 (-0.370); n7->n8 (-0.365); n8->n9 (-0.355); n8->o1 (-0.355); DRIFT_PO->n2 (+0.350); n2->o1 (+0.350); DRIFT_PO->n7 (-0.340); DRIFT_PO->n12 (+0.330),n7 (-0.970); n9 (-0.970); n8 (-0.970); n2 (+0.350); n12 (+0.330); n1 (+0.290),Sudden,Synthetic process-model change
Atomic_Substitute_output_Substitute_2.xes.gz,Atomic,Substitute,2.5,2999,900,930,30,1080,180,TP,0.10823169,0.05777301,DRIFT_PO->n12 (-0.370); n12->o1 (-0.365); n8->n9 (+0.360); n7->o1 (+0.325); DRIFT_PO->n7 (+0.325); n9->o1 (+0.325); n7->n8 (+0.320); DRIFT_PO->n8 (+0.315),n7 (+0.955); n8 (+0.955); n9 (+0.950); n12 (-0.370); n2 (-0.290); n1 (-0.285),Sudden,Synthetic process-model change
Atomic_Substitute_output_Substitute_2.xes.gz,Atomic,Substitute,2.5,2999,1900,1940,40,2090,190,TP,0.11350969,0.05777301,n9->n7 (-0.365); n8->o1 (-0.355); n7->n8 (-0.355); DRIFT_PO->n2 (+0.350); n8->n9 (-0.350); n2->o1 (+0.345); DRIFT_PO->n7 (-0.335); DRIFT_PO->n12 (+0.330),n8 (-0.970); n7 (-0.965); n9 (-0.965); n2 (+0.345); n12 (+0.335); n1 (+0.300),Sudden,Synthetic process-model change
Atomic_Substitute_output_Substitute_5.xes.gz,Atomic,Substitute,5.0,2999,900,930,30,1080,180,TP,0.11231761,0.06064254,n12->o1 (-0.365); DRIFT_PO->n12 (-0.350); n8->n9 (+0.345); n9->o1 (+0.335); DRIFT_PO->n7 (+0.330); n7->o1 (+0.325); DRIFT_PO->n8 (+0.320); n9->n8 (+0.315),n7 (+0.955); n9 (+0.955); n8 (+0.940); n12 (-0.365); n2 (-0.305); n1 (-0.285),Sudden,Synthetic process-model change
Atomic_Substitute_output_Substitute_5.xes.gz,Atomic,Substitute,5.0,2999,1900,1940,40,2090,190,TP,0.12555923,0.06064254,n8->n9 (-0.360); n9->n7 (-0.350); n7->n8 (-0.350); n8->o1 (-0.345); DRIFT_PO->n2 (+0.340); n2->o1 (+0.340); DRIFT_PO->n12 (+0.330); DRIFT_PO->n7 (-0.330),n9 (-0.960); n8 (-0.960); n7 (-0.955); n2 (+0.350); n12 (+0.310); n1 (+0.260),Sudden,Synthetic process-model change
Atomic_Swap_output_Swap.xes.gz,Atomic,Swap,0.0,2999,900,930,30,1080,180,TP,0.10174753,0.01356543,n7->o6 (+0.375); o5->n7 (+0.375); n10->o1 (+0.360); DRIFT_PO->n3 (+0.355); n4->o6 (-0.345); DRIFT_PO->n2 (-0.330); n2->o1 (-0.330); n4->o1 (+0.325),,Sudden,Synthetic process-model change
Atomic_Swap_output_Swap.xes.gz,Atomic,Swap,0.0,2999,1900,1940,40,2090,190,TP,0.11083806,0.01356543,DRIFT_PO->n1 (+0.410); n1->o1 (+0.410); n10->o1 (-0.360); o5->n2 (-0.360); n2->o6 (-0.360); DRIFT_PO->n3 (-0.355); n10->o6 (+0.340); o5->n3 (+0.335),,Sudden,Synthetic process-model change
Atomic_Swap_output_Swap_2.xes.gz,Atomic,Swap,2.5,2999,900,930,30,1080,180,TP,0.13288921,0.0549481,o5->n7 (+0.375); n7->o6 (+0.370); n10->o1 (+0.365); DRIFT_PO->n3 (+0.345); n4->o1 (+0.325); n4->o6 (-0.325); n2->o1 (-0.325); DRIFT_PO->n7 (-0.320),,Sudden,Synthetic process-model change
Atomic_Swap_output_Swap_2.xes.gz,Atomic,Swap,2.5,2999,1900,1940,40,2090,190,TP,0.14093458,0.0549481,DRIFT_PO->n1 (+0.400); n1->o1 (+0.400); o5->n2 (-0.360); n10->o1 (-0.360); DRIFT_PO->n3 (-0.355); n2->o6 (-0.355); DRIFT_PO->n10 (-0.330); o5->n3 (+0.330),ae (+0.245),Sudden,Synthetic process-model change
Atomic_Swap_output_Swap_5.xes.gz,Atomic,Swap,5.0,2999,900,930,30,1080,180,TP,0.14540487,0.05742769,de->k (-0.440); j->de (-0.430); o5->n7 (+0.370); n7->o6 (+0.365); n10->o1 (+0.360); DRIFT_PO->n3 (+0.355); n4->o6 (-0.340); n4->o1 (+0.325),de (-0.325); ce (+0.140),Sudden,Synthetic process-model change
Atomic_Swap_output_Swap_5.xes.gz,Atomic,Swap,5.0,2999,1900,1940,40,2090,190,TP,0.16636637,0.05742769,i->ae (+0.540); ae->j (+0.525); i->j (-0.455); n1->o1 (+0.405); DRIFT_PO->n1 (+0.385); n2->o6 (-0.355); o5->n2 (-0.350); n10->o1 (-0.350),ae (+0.410); ce (-0.130),Sudden,Synthetic process-model change
Composite_IOR_output_IOR.xes.gz,Composite,IOR,0.0,2999,900,940,40,1090,190,TP,0.14643616,0.01284955,p20->p18 (-0.500); p18->o7 (-0.500); p20->o7 (+0.500); p9->o5 (-0.485); o11->p1 (-0.485); o11->o5 (+0.485); p1->p2 (-0.485); p2->p9 (-0.485),p2 (-0.485); p1 (-0.485); p9 (-0.485); p13 (+0.465); n2 (-0.465); p12 (+0.465); p14 (+0.465),Sudden,Synthetic process-model change
Composite_IOR_output_IOR.xes.gz,Composite,IOR,0.0,2999,1900,1940,40,2090,190,TP,0.1427349,0.01284955,DRIFT_PO->n2 (+0.500); n2->o11 (+0.500); p18->p6 (-0.485); p20->p18 (+0.475); p18->o7 (+0.475); p20->o7 (-0.475); p18->p20 (+0.475); p18->p11 (-0.465),p13 (-0.500); n2 (+0.500); p12 (-0.500); p14 (-0.500); p2 (+0.425); p1 (+0.425); p9 (+0.425),Sudden,Synthetic process-model change
Composite_IOR_output_IOR_2.xes.gz,Composite,IOR,2.5,2999,900,940,40,1090,190,TP,0.17819782,0.04342371,p20->o7 (+0.500); p20->p18 (-0.495); p1->p2 (-0.490); o11->p1 (-0.490); p18->o7 (-0.485); p18->p6 (+0.480); p18->p11 (+0.480); o11->o5 (+0.475),p2 (-0.485); p9 (-0.485); p1 (-0.480); p12 (+0.470); n2 (-0.465); p14 (+0.465); p13 (+0.460); ae (-0.210),Sudden,Synthetic process-model change
Composite_IOR_output_IOR_2.xes.gz,Composite,IOR,2.5,2999,1900,1940,40,2090,190,TP,0.17045929,0.04342371,DRIFT_PO->n2 (+0.505); n2->o11 (+0.490); p20->p18 (+0.480); p18->p6 (-0.470); p18->o7 (+0.470); p20->o7 (-0.470); p18->p11 (-0.460); p18->p20 (+0.460),p14 (-0.510); p13 (-0.500); n2 (+0.495); p12 (-0.495); p2 (+0.425); p1 (+0.420); p9 (+0.415),Sudden,Synthetic process-model change
Composite_IOR_output_IOR_5.xes.gz,Composite,IOR,5.0,2999,900,950,50,1100,200,TP,0.18007915,0.06147292,p20->o7 (+0.505); p20->p18 (-0.480); p18->p6 (+0.470); n2->o11 (-0.470); o11->p1 (-0.465); p1->p2 (-0.465); p18->o7 (-0.460); o11->o5 (+0.460),p13 (+0.490); n2 (-0.475); p14 (+0.475); p9 (-0.475); p12 (+0.470); p2 (-0.465); p1 (-0.465),Sudden,Synthetic process-model change
Composite_IOR_output_IOR_5.xes.gz,Composite,IOR,5.0,2999,1900,1940,40,2090,190,TP,0.18128814,0.06147292,DRIFT_PO->n2 (+0.495); n2->o11 (+0.490); p18->p6 (-0.470); p18->o7 (+0.470); p18->p20 (+0.465); p20->p18 (+0.450); p20->o7 (-0.450); p18->p11 (-0.445),p12 (-0.505); p13 (-0.500); p14 (-0.495); n2 (+0.485); p1 (+0.425); p2 (+0.420); p9 (+0.420); ae (-0.165),Sudden,Synthetic process-model change
Composite_IRO_output_IRO.xes.gz,Composite,IRO,0.0,2999,900,950,50,1100,200,TP,0.11398319,0.01587078,p14->p16 (+0.425); DRIFT_PO->p14 (+0.370); DRIFT_PO->n2 (-0.370); n2->o8 (-0.370); p16->p15 (+0.360); p15->o8 (+0.355); p16->o8 (+0.345); DRIFT_PO->p15 (+0.335),p15 (+0.970); p14 (+0.970); p16 (+0.970); p4 (+0.500); p3 (+0.500); p10 (+0.500); p7 (+0.470); p5 (+0.470),Sudden,Synthetic process-model change
Composite_IRO_output_IRO.xes.gz,Composite,IRO,0.0,2999,1900,1950,50,2100,200,TP,0.1206634,0.01587078,DRIFT_PO->p14 (-0.370); p16->o8 (-0.350); p15->p16 (-0.345); DRIFT_PO->n2 (+0.345); n2->o8 (+0.345); p16->p15 (-0.340); p14->p15 (-0.340); DRIFT_PO->n7 (+0.335),p15 (-0.975); p14 (-0.975); p16 (-0.975); p7 (-0.520); p5 (-0.520); p6 (-0.520); p4 (-0.455); p3 (-0.455),Sudden,Synthetic process-model change
Composite_IRO_output_IRO_2.xes.gz,Composite,IRO,2.5,2999,900,950,50,1100,200,TP,0.14450755,0.0677638,p14->p16 (+0.405); DRIFT_PO->p14 (+0.370); n2->o8 (-0.365); DRIFT_PO->n2 (-0.360); p15->o8 (+0.355); p16->p15 (+0.355); p16->o8 (+0.335); DRIFT_PO->p15 (+0.330),p16 (+0.970); p15 (+0.965); p14 (+0.965); p4 (+0.500); p3 (+0.495); p10 (+0.490); p7 (+0.470); p5 (+0.470),Sudden,Synthetic process-model change
Composite_IRO_output_IRO_2.xes.gz,Composite,IRO,2.5,2999,1900,1950,50,2100,200,TP,0.14622235,0.0677638,DRIFT_PO->p14 (-0.355); p16->o8 (-0.345); n2->o8 (+0.345); p16->p15 (-0.340); p15->p16 (-0.340); DRIFT_PO->n2 (+0.340); p14->p15 (-0.330); DRIFT_PO->n7 (+0.330),p15 (-0.975); p16 (-0.975); p14 (-0.970); p5 (-0.520); p6 (-0.520); p7 (-0.515); p4 (-0.455); p3 (-0.455),Sudden,Synthetic process-model change
Composite_IRO_output_IRO_5.xes.gz,Composite,IRO,5.0,2999,900,950,50,1100,200,TP,0.15867747,0.06158576,p14->p16 (+0.410); DRIFT_PO->p14 (+0.370); n2->o8 (-0.365); DRIFT_PO->n2 (-0.355); p16->p15 (+0.355); p15->o8 (+0.345); p16->o8 (+0.345); p15->p14 (+0.335),p14 (+0.970); p16 (+0.970); p15 (+0.960); p3 (+0.500); p10 (+0.495); p4 (+0.490); p5 (+0.470); p6 (+0.465),Sudden,Synthetic process-model change
Composite_IRO_output_IRO_5.xes.gz,Composite,IRO,5.0,2999,1900,1950,50,2100,200,TP,0.15757477,0.06158576,DRIFT_PO->p14 (-0.365); p16->o8 (-0.335); DRIFT_PO->n2 (+0.335); n2->o8 (+0.335); DRIFT_PO->n7 (+0.335); p16->p15 (-0.330); p15->p16 (-0.325); p14->p15 (-0.325),p14 (-0.965); p15 (-0.960); p16 (-0.945); p5 (-0.520); p7 (-0.510); p6 (-0.510); p3 (-0.455); p4 (-0.450),Sudden,Synthetic process-model change
Composite_OIR_output_OIR.xes.gz,Composite,OIR,0.0,2999,900,930,30,1080,180,TP,0.0828149,0.01765093,DRIFT_PO->o1 (+0.505); o5->n6 (-0.265); n5->o6 (-0.255); o5->n5 (-0.235); o6->p7 (+0.215); o6->p5 (-0.210); p6->o7 (+0.210); n6->o6 (-0.210),p7 (+0.510); p4 (+0.510); p3 (+0.510); p10 (+0.455); p5 (+0.455); p6 (+0.455); n3 (+0.330); n10 (+0.320),Sudden,Synthetic process-model change
Composite_OIR_output_OIR.xes.gz,Composite,OIR,0.0,2999,1900,1940,40,2090,190,TP,0.08337506,0.01765093,DRIFT_PO->o1 (-0.530); n6->o6 (+0.330); o5->n6 (+0.330); n10->o6 (-0.230); p5->o7 (-0.230); p6->p5 (-0.220); p4->p3 (-0.210); o6->p4 (-0.205),p10 (-0.485); p5 (-0.485); p6 (-0.485); p7 (-0.470); p4 (-0.470); p3 (-0.470); n10 (-0.365); n3 (-0.320),Sudden,Synthetic process-model change
Composite_OIR_output_OIR_2.xes.gz,Composite,OIR,2.5,2999,900,930,30,1080,180,TP,0.11446133,0.05985211,DRIFT_PO->o1 (+0.495); o5->n6 (-0.265); n5->o6 (-0.255); o5->n5 (-0.230); n6->o6 (-0.220); o6->p7 (+0.215); p10->p5 (+0.210); p6->o7 (+0.210),p7 (+0.510); p4 (+0.510); p3 (+0.505); p5 (+0.455); p6 (+0.455); p10 (+0.450); n3 (+0.335); n4 (+0.315),Sudden,Synthetic process-model change
Composite_OIR_output_OIR_2.xes.gz,Composite,OIR,2.5,2999,1900,1940,40,2090,190,TP,0.10939853,0.05985211,DRIFT_PO->o1 (-0.515); o5->n6 (+0.330); n6->o6 (+0.315); n10->o6 (-0.230); p5->o7 (-0.220); p6->p5 (-0.215); p4->p3 (-0.210); o6->p4 (-0.205),p10 (-0.485); p5 (-0.485); p6 (-0.485); p7 (-0.470); p4 (-0.470); p3 (-0.470); n10 (-0.360); n3 (-0.325),Sudden,Synthetic process-model change
Composite_OIR_output_OIR_5.xes.gz,Composite,OIR,5.0,2999,900,930,30,1080,180,TP,0.12360408,0.05840469,DRIFT_PO->o1 (+0.500); o5->n6 (-0.260); n5->o6 (-0.245); o5->n5 (-0.235); o6->p7 (+0.220); n6->o6 (-0.215); o6->p5 (-0.210); p10->p5 (+0.205),p4 (+0.510); p3 (+0.510); p7 (+0.505); p6 (+0.455); p10 (+0.450); p5 (+0.450); n3 (+0.330); n4 (+0.315),Sudden,Synthetic process-model change
Composite_OIR_output_OIR_5.xes.gz,Composite,OIR,5.0,2999,1900,1940,40,2090,190,TP,0.12133747,0.05840469,DRIFT_PO->o1 (-0.515); o5->n6 (+0.340); n6->o6 (+0.320); n10->o6 (-0.230); p5->o7 (-0.225); p6->p5 (-0.225); p4->p3 (-0.215); o6->p4 (-0.200),p10 (-0.485); p5 (-0.485); p6 (-0.480); p7 (-0.470); p4 (-0.470); p3 (-0.460); n10 (-0.365); n3 (-0.315),Sudden,Synthetic process-model change
Composite_ORI_output_ORI.xes.gz,Composite,ORI,0.0,2999,900,930,30,1080,180,TP,0.07506237,0.01897432,p9->o5 (+0.865); o8->o5 (-0.865); p9->o3 (-0.865); o4->o8 (-0.565); o3->o4 (-0.565); p9->p1 (+0.555); o8->o7 (+0.300); o6->o3 (+0.300),o3 (-0.565); o8 (-0.565); o4 (-0.565); p11 (-0.160); p5 (-0.160); p6 (-0.160),Sudden,Synthetic process-model change
Composite_ORI_output_ORI.xes.gz,Composite,ORI,0.0,2999,1900,1930,30,2080,180,TP,0.06409534,0.01897432,p9->o5 (-0.855); o8->o5 (+0.855); p9->o3 (+0.855); p9->p1 (-0.590); o4->o8 (+0.565); o3->o4 (+0.565); o8->o7 (-0.290); o6->o3 (-0.290),o3 (+0.565); o8 (+0.565); o4 (+0.565); p4 (+0.215); p3 (+0.215); p10 (+0.215),Sudden,Synthetic process-model change
Composite_ORI_output_ORI_2.xes.gz,Composite,ORI,2.5,2999,900,930,30,1080,180,TP,0.10780658,0.0709474,p9->o5 (+0.870); o8->o5 (-0.850); p9->o3 (-0.830); p9->p1 (+0.555); o3->o4 (-0.555); o4->o8 (-0.555); o8->o7 (+0.295); o6->o3 (+0.290),o3 (-0.565); o8 (-0.565); o4 (-0.555); p6 (-0.170); p5 (-0.165); p11 (-0.155),Sudden,Synthetic process-model change
Composite_ORI_output_ORI_2.xes.gz,Composite,ORI,2.5,2999,1900,1930,30,2080,180,TP,0.10088257,0.0709474,p9->o3 (+0.855); o8->o5 (+0.850); p9->o5 (-0.835); p9->p1 (-0.590); o3->o4 (+0.560); o4->o8 (+0.555); o6->o3 (-0.290); o8->o7 (-0.285),o3 (+0.560); o4 (+0.560); o8 (+0.555); p4 (+0.210); p10 (+0.210); p3 (+0.200); ae (-0.080),Sudden,Synthetic process-model change
Composite_ORI_output_ORI_5.xes.gz,Composite,ORI,5.0,2999,900,930,30,1080,180,TP,0.11767661,0.07672363,o8->o5 (-0.845); p9->o3 (-0.835); p9->o5 (+0.835); p9->p1 (+0.555); o3->o4 (-0.550); o4->o8 (-0.545); o8->o7 (+0.300); o6->o3 (+0.295),o3 (-0.560); o8 (-0.560); o4 (-0.550); p11 (-0.160); p6 (-0.155),Sudden,Synthetic process-model change
Composite_ORI_output_ORI_5.xes.gz,Composite,ORI,5.0,2999,1900,1930,30,2080,180,TP,0.11263923,0.07672363,p9->o3 (+0.860); p9->o5 (-0.845); o8->o5 (+0.820); p9->p1 (-0.580); o3->o4 (+0.570); o4->o8 (+0.540); o6->o3 (-0.285); o8->o7 (-0.270),o3 (+0.560); o4 (+0.555); o8 (+0.550); p4 (+0.215); p3 (+0.210); p10 (+0.210),Sudden,Synthetic process-model change
Composite_RIO_output_RIO.xes.gz,Composite,RIO,0.0,2999,900,950,50,1100,200,TP,0.10821495,0.02121029,o8->o9 (-0.945); o7->o8 (+0.945); o7->n2 (-0.330); n7->o8 (-0.330); o7->n7 (-0.330); n2->o8 (-0.330); n2->o9 (+0.325); o8->n2 (+0.325),p7 (+0.495); p5 (+0.495); p6 (+0.495); p4 (+0.450); p3 (+0.450); p10 (+0.450),Sudden,Synthetic process-model change
Composite_RIO_output_RIO.xes.gz,Composite,RIO,0.0,2999,1900,1950,50,2100,200,TP,0.10921638,0.02121029,o8->o9 (+0.945); o7->o8 (-0.945); n7->o9 (-0.375); o8->n7 (-0.375); n7->o8 (+0.355); o7->n7 (+0.355); o2->o1 (-0.340); o7->n2 (+0.305),p4 (-0.555); p3 (-0.555); p10 (-0.555); p7 (-0.390); p5 (-0.390); p6 (-0.390),Sudden,Synthetic process-model change
Composite_RIO_output_RIO_2.xes.gz,Composite,RIO,2.5,2999,900,950,50,1100,200,TP,0.14162404,0.06148361,o7->o8 (+0.940); o8->o9 (-0.930); n2->o8 (-0.330); n7->o8 (-0.325); o8->n2 (+0.325); n2->o9 (+0.325); o7->n7 (-0.320); o7->n2 (-0.320),p7 (+0.495); p5 (+0.490); p6 (+0.485); p4 (+0.450); p10 (+0.450); p3 (+0.445); ce (+0.230),Sudden,Synthetic process-model change
Composite_RIO_output_RIO_2.xes.gz,Composite,RIO,2.5,2999,1900,1950,50,2100,200,TP,0.14115071,0.06148361,o8->o9 (+0.935); o7->o8 (-0.920); o8->n7 (-0.375); n7->o9 (-0.370); n7->o8 (+0.350); o7->n7 (+0.340); o2->o1 (-0.335); n2->o8 (+0.305),p3 (-0.555); p10 (-0.555); p4 (-0.550); p7 (-0.390); p5 (-0.385); p6 (-0.380); ce (-0.190),Sudden,Synthetic process-model change
Composite_RIO_output_RIO_5.xes.gz,Composite,RIO,5.0,2999,900,950,50,1100,200,TP,0.16687963,0.07962983,o7->o8 (+0.935); o8->o9 (-0.925); j->ae (+0.640); ae->k (+0.620); j->k (-0.380); n7->o8 (-0.330); n2->o8 (-0.330); n2->o9 (+0.325),p7 (+0.495); p6 (+0.495); p5 (+0.480); ae (+0.470); p4 (+0.445); p3 (+0.445); p10 (+0.445); be (-0.160),Sudden,Synthetic process-model change
Composite_RIO_output_RIO_5.xes.gz,Composite,RIO,5.0,2999,1900,1950,50,2100,200,TP,0.16124444,0.07962983,o7->o8 (-0.910); o8->o9 (+0.910); j->ae (-0.585); ae->k (-0.570); n7->o9 (-0.370); o8->n7 (-0.370); n7->o8 (+0.350); o7->n7 (+0.350),p4 (-0.555); p10 (-0.555); p3 (-0.550); ae (-0.460); p7 (-0.390); p5 (-0.390); p6 (-0.390),Sudden,Synthetic process-model change
Composite_ROI_output_ROI.xes.gz,Composite,ROI,0.0,2999,900,950,50,1100,200,TP,0.08437933,0.01756589,o10->o8 (+0.950); o9->o10 (+0.455); o1->p1 (-0.455); o9->o1 (-0.455); o2->o10 (-0.455); p1->o2 (-0.455); o10->n2 (-0.330); n2->o8 (-0.330),p7 (+0.480); p5 (+0.480); p6 (+0.480); p4 (+0.470); p3 (+0.470); p10 (+0.470); o2 (-0.455); p1 (-0.455),Sudden,Synthetic process-model change
Composite_ROI_output_ROI.xes.gz,Composite,ROI,0.0,2999,1900,1940,40,2090,190,TP,0.0881981,0.01756589,o10->o8 (-0.960); o9->o10 (-0.415); o1->p1 (+0.415); o9->o1 (+0.415); o2->o10 (+0.415); p1->o2 (+0.415); o10->n2 (+0.375); n2->o8 (+0.375),p4 (-0.485); p3 (-0.485); p10 (-0.485); p7 (-0.475); p5 (-0.475); p6 (-0.475); o2 (+0.415); p1 (+0.415),Sudden,Synthetic process-model change
Composite_ROI_output_ROI_2.xes.gz,Composite,ROI,2.5,2999,900,950,50,1100,200,TP,0.1183746,0.06004896,o10->o8 (+0.940); p1->o2 (-0.460); o9->o10 (+0.455); o9->o1 (-0.440); o1->p1 (-0.440); o2->o10 (-0.435); n2->o8 (-0.325); o10->n2 (-0.320),p6 (+0.480); p7 (+0.475); p5 (+0.475); p10 (+0.470); p4 (+0.465); p3 (+0.465); o1 (-0.460); o2 (-0.455),Sudden,Synthetic process-model change
Composite_ROI_output_ROI_2.xes.gz,Composite,ROI,2.5,2999,1900,1940,40,2090,190,TP,0.11952781,0.06004896,o10->o8 (-0.950); o9->o1 (+0.420); o1->p1 (+0.420); o9->o10 (-0.410); p1->o2 (+0.405); o2->o10 (+0.400); o10->n2 (+0.375); n2->o8 (+0.365),p3 (-0.485); p4 (-0.480); p10 (-0.475); p5 (-0.475); p6 (-0.475); p7 (-0.470); o2 (+0.415); o1 (+0.415),Sudden,Synthetic process-model change
Composite_ROI_output_ROI_5.xes.gz,Composite,ROI,5.0,2999,900,950,50,1100,200,TP,0.1313651,0.06103925,o10->o8 (+0.915); o9->o1 (-0.465); o1->p1 (-0.455); o9->o10 (+0.440); o2->o10 (-0.440); p1->o2 (-0.440); o10->n2 (-0.330); n7->o8 (-0.320),p5 (+0.475); p6 (+0.475); p7 (+0.470); p3 (+0.465); p10 (+0.465); p4 (+0.455); p1 (-0.455); o1 (-0.455),Sudden,Synthetic process-model change
Composite_ROI_output_ROI_5.xes.gz,Composite,ROI,5.0,2999,1900,1940,40,2090,190,TP,0.15143393,0.06103925,o10->o8 (-0.935); j->ce (+0.600); ce->k (+0.590); o1->p1 (+0.415); o9->o10 (-0.405); o9->o1 (+0.405); o2->o10 (+0.395); n2->o8 (+0.375),p3 (-0.485); p4 (-0.480); p10 (-0.480); p6 (-0.475); p7 (-0.465); p5 (-0.465); o2 (+0.415); o1 (+0.415),Sudden,Synthetic process-model change
Nested_IOR_output_IOR.xes.gz,Nested,IOR,0.0,2999,900,910,10,1060,160,TP,0.05081384,0.01723817,o7->u (-0.450); o6->o8 (-0.450); o7->o8 (+0.260); p6->p5 (-0.195); n7->u (+0.185); o6->n8 (+0.185); p5->p10 (-0.185); p3->o7 (+0.180),p10 (-0.585); p5 (-0.585); p6 (-0.585); p7 (-0.565); p4 (-0.565); p3 (-0.565); n7 (+0.450); o8 (-0.450),Sudden,Synthetic process-model change
Nested_IOR_output_IOR.xes.gz,Nested,IOR,0.0,2999,1900,1930,30,2080,180,TP,0.04979601,0.01723817,o7->u (+0.455); o6->o8 (+0.455); o7->o8 (-0.280); n9->u (-0.190); o8->p6 (-0.185); o6->n8 (-0.185); p6->p10 (+0.180); n7->n9 (-0.175),p10 (+0.550); p5 (+0.550); p6 (+0.550); p7 (+0.525); p4 (+0.525); p3 (+0.525); n7 (-0.455); o8 (+0.455),Sudden,Synthetic process-model change
Nested_IOR_output_IOR_2.xes.gz,Nested,IOR,2.5,2999,900,910,10,1060,160,TP,0.08726891,0.05861002,o6->o8 (-0.435); o7->u (-0.425); o7->o8 (+0.260); p6->p5 (-0.190); n7->u (+0.185); o6->n8 (+0.185); p3->p4 (-0.180); p5->p10 (-0.180),p5 (-0.585); p10 (-0.580); p6 (-0.580); p7 (-0.565); p4 (-0.565); p3 (-0.560); n7 (+0.455); n8 (+0.455),Sudden,Synthetic process-model change
Nested_IOR_output_IOR_2.xes.gz,Nested,IOR,2.5,2999,1900,1930,30,2080,180,TP,0.08250053,0.05861002,o6->o8 (+0.445); o7->u (+0.430); o7->o8 (-0.280); n9->u (-0.190); o8->p6 (-0.180); p6->p10 (+0.180); n7->n9 (-0.175); o6->n8 (-0.175),p5 (+0.545); p6 (+0.545); p10 (+0.535); p4 (+0.525); p3 (+0.525); p7 (+0.520); n9 (-0.460); n7 (-0.455),Sudden,Synthetic process-model change
Nested_IOR_output_IOR_5.xes.gz,Nested,IOR,5.0,2999,900,910,10,1060,160,TP,0.10915941,0.07533168,i->ae (-0.460); ae->j (-0.455); o6->o8 (-0.445); o7->u (-0.440); i->j (+0.350); o7->o8 (+0.255); o6->n8 (+0.190); p6->p5 (-0.185),p10 (-0.580); p5 (-0.580); p6 (-0.580); p4 (-0.565); p3 (-0.560); p7 (-0.550); o8 (-0.455); n8 (+0.455),Sudden,Synthetic process-model change
Nested_IOR_output_IOR_5.xes.gz,Nested,IOR,5.0,2999,1900,1930,30,2080,180,TP,0.10315387,0.07533168,o7->u (+0.455); o6->o8 (+0.450); o7->o8 (-0.280); n9->u (-0.185); o8->p6 (-0.180); o6->n8 (-0.175); p3->p5 (+0.175); p4->p3 (+0.175),p5 (+0.550); p10 (+0.540); p6 (+0.520); p7 (+0.520); p4 (+0.520); p3 (+0.520); o8 (+0.460); n9 (-0.445),Sudden,Synthetic process-model change
Nested_IRO_output_IRO.xes.gz,Nested,IRO,0.0,2999,900,940,40,1090,190,TP,0.08672578,0.01604058,o8->o9 (-0.650); o7->u (-0.480); o6->o8 (-0.480); p8->p7 (-0.280); p4->p8 (-0.250); o9->p8 (-0.235); o10->p5 (-0.230); p11->p5 (-0.230),p11 (-0.850); p8 (-0.850); p10 (-0.680); p5 (-0.680); p6 (-0.680); o9 (-0.650); p7 (-0.650); p4 (-0.650),Sudden,Synthetic process-model change
Nested_IRO_output_IRO.xes.gz,Nested,IRO,0.0,2999,1900,1900,0,2050,150,TP,0.07197643,0.01604058,o8->o9 (+0.605); o7->u (+0.470); o6->o8 (+0.470); p8->p7 (+0.245); p4->p8 (+0.245); p6->p11 (+0.240); p11->p5 (+0.235); o10->o7 (-0.235),p11 (+0.840); p8 (+0.840); p10 (+0.705); p5 (+0.705); p6 (+0.705); o9 (+0.605); p7 (+0.605); p4 (+0.605),Sudden,Synthetic process-model change
Nested_IRO_output_IRO_2.xes.gz,Nested,IRO,2.5,2999,900,940,40,1090,190,TP,0.11721166,0.06901879,o8->o9 (-0.650); o6->o8 (-0.480); o7->u (-0.470); p8->p7 (-0.280); j->ee (-0.280); ee->k (-0.280); p4->p8 (-0.245); o9->p8 (-0.230),p11 (-0.850); p8 (-0.845); p5 (-0.680); p6 (-0.680); p10 (-0.675); p4 (-0.650); o10 (-0.650); o9 (-0.645),Sudden,Synthetic process-model change
Nested_IRO_output_IRO_2.xes.gz,Nested,IRO,2.5,2999,1900,1900,0,2050,150,TP,0.11456977,0.06901879,o8->o9 (+0.605); o7->u (+0.455); o6->o8 (+0.455); j->ae (+0.335); ae->k (+0.335); p8->p7 (+0.240); p4->p8 (+0.240); p11->o7 (+0.235),p11 (+0.830); p8 (+0.830); p10 (+0.700); p5 (+0.700); p6 (+0.700); o9 (+0.600); p4 (+0.600); p7 (+0.595),Sudden,Synthetic process-model change
Nested_IRO_output_IRO_5.xes.gz,Nested,IRO,5.0,2999,900,940,40,1090,190,TP,0.13987212,0.07300828,j->de (-0.700); de->k (-0.695); o8->o9 (-0.650); o7->u (-0.470); o6->o8 (-0.450); p8->p7 (-0.260); p11->p5 (-0.235); p4->p8 (-0.235),p8 (-0.855); p11 (-0.855); p6 (-0.675); p10 (-0.670); p5 (-0.665); p4 (-0.645); p7 (-0.645); p3 (-0.645),Sudden,Synthetic process-model change
Nested_IRO_output_IRO_5.xes.gz,Nested,IRO,5.0,2999,1900,1900,0,2050,150,TP,0.12951214,0.07300828,o8->o9 (+0.605); o6->o8 (+0.490); o7->u (+0.460); t->be (+0.415); be->DRIFT_PO (+0.405); ae->j (+0.320); t->DRIFT_PO (-0.320); i->ae (+0.315),p11 (+0.840); p8 (+0.820); p6 (+0.700); p10 (+0.700); p5 (+0.695); o9 (+0.600); p7 (+0.600); p3 (+0.595),Sudden,Synthetic process-model change
Nested_OIR_output_OIR.xes.gz,Nested,OIR,0.0,2999,900,950,50,1100,200,TP,0.03803007,0.01547869,p4->o7 (-0.480); o8->p5 (-0.460); p4->p5 (+0.370); o8->o7 (+0.180); o8->n7 (+0.165); n9->n8 (+0.160); n8->n9 (+0.140); n7->o7 (+0.135),n7 (+0.390); n9 (+0.390); n8 (+0.390),Sudden,Synthetic process-model change
Nested_OIR_output_OIR.xes.gz,Nested,OIR,0.0,2999,1900,1950,50,2100,200,TP,0.04699255,0.01547869,o8->p5 (+0.505); p4->o7 (+0.430); p4->p5 (-0.350); o8->o7 (-0.190); n7->n9 (-0.160); n8->o7 (-0.160); p6->o7 (+0.155); p5->p11 (+0.155),n7 (-0.395); n9 (-0.395); n8 (-0.395); p11 (+0.155); p5 (+0.155); p6 (+0.155),Sudden,Synthetic process-model change
Nested_OIR_output_OIR_2.xes.gz,Nested,OIR,2.5,2999,900,950,50,1100,200,TP,0.072824,0.05377603,p4->o7 (-0.465); o8->p5 (-0.450); p4->p5 (+0.360); i->de (+0.200); de->j (+0.200); o8->o7 (+0.170); o8->n7 (+0.165); i->j (-0.165),n8 (+0.395); n7 (+0.390); n9 (+0.390); de (+0.170); ce (-0.090),Sudden,Synthetic process-model change
Nested_OIR_output_OIR_2.xes.gz,Nested,OIR,2.5,2999,1900,1950,50,2100,200,TP,0.08175623,0.05377603,o8->p5 (+0.495); p4->o7 (+0.425); p4->p5 (-0.350); i->de (-0.205); de->j (-0.205); o8->o7 (-0.190); i->j (+0.185); n8->o7 (-0.160),n7 (-0.395); n8 (-0.395); n9 (-0.390); de (-0.180); p5 (+0.155); p6 (+0.155); p11 (+0.150),Sudden,Synthetic process-model change
Nested_OIR_output_OIR_5.xes.gz,Nested,OIR,5.0,2999,900,970,70,1120,220,TP,0.09717667,0.06739241,j->de (-0.600); de->k (-0.590); p4->o7 (-0.425); o8->p5 (-0.385); p4->p5 (+0.300); j->k (+0.260); n9->n8 (+0.155); n7->n9 (+0.145),de (-0.480); n9 (+0.415); n8 (+0.410); n7 (+0.405),Sudden,Synthetic process-model change
Nested_OIR_output_OIR_5.xes.gz,Nested,OIR,5.0,2999,1900,1950,50,2100,200,TP,0.08751234,0.06739241,o8->p5 (+0.500); p4->o7 (+0.420); p4->p5 (-0.350); o8->o7 (-0.190); n7->n9 (-0.160); n8->o7 (-0.155); p11->p6 (+0.155); p5->p11 (+0.150),n8 (-0.400); n9 (-0.395); n7 (-0.390); p11 (+0.150); p5 (+0.150); p6 (+0.150),Sudden,Synthetic process-model change
Nested_ORI_output_ORI.xes.gz,Nested,ORI,0.0,2999,900,930,30,1080,180,TP,0.09856503,0.0137169,o7->o8 (+0.670); o8->p14 (+0.435); p15->p13 (+0.430); o8->p10 (+0.415); p13->p15 (+0.415); p13->o7 (+0.405); p15->p14 (+0.405); o8->p6 (+0.400),p13 (+0.715); p15 (+0.715); p14 (+0.715); p4 (-0.325); p3 (-0.305); p7 (-0.300); p10 (-0.185); p5 (-0.185),Sudden,Synthetic process-model change
Nested_ORI_output_ORI.xes.gz,Nested,ORI,0.0,2999,1900,1950,50,2100,200,TP,0.10394011,0.0137169,o7->o8 (-0.645); p13->p14 (-0.430); o8->p13 (-0.430); o8->p6 (-0.420); p14->p15 (-0.420); p14->o7 (-0.395); p15->p14 (-0.390); p15->p13 (-0.380),p13 (-0.735); p15 (-0.735); p14 (-0.735); p7 (+0.315); p3 (+0.315); p4 (+0.290); p10 (+0.225); p5 (+0.225),Sudden,Synthetic process-model change
Nested_ORI_output_ORI_2.xes.gz,Nested,ORI,2.5,2999,900,930,30,1080,180,TP,0.13052046,0.05667848,o7->o8 (+0.670); o8->p14 (+0.435); p15->p13 (+0.425); p13->p15 (+0.415); o8->p10 (+0.410); p15->p14 (+0.405); o8->p6 (+0.400); o8->p13 (+0.400),p14 (+0.715); p15 (+0.710); p13 (+0.705); p3 (-0.315); p4 (-0.310); p7 (-0.305); p5 (-0.185); p6 (-0.185),Sudden,Synthetic process-model change
Nested_ORI_output_ORI_2.xes.gz,Nested,ORI,2.5,2999,1900,1950,50,2100,200,TP,0.14034691,0.05667848,o7->o8 (-0.645); o8->p13 (-0.430); p13->p14 (-0.425); p14->p15 (-0.420); o8->p6 (-0.415); p14->o7 (-0.400); p15->p14 (-0.390); p15->p13 (-0.375),p13 (-0.730); p14 (-0.730); p15 (-0.725); p7 (+0.320); p3 (+0.320); p4 (+0.295); p10 (+0.225); p6 (+0.225),Sudden,Synthetic process-model change
Nested_ORI_output_ORI_5.xes.gz,Nested,ORI,5.0,2999,900,930,30,1080,180,TP,0.14658849,0.06912172,o7->o8 (+0.670); o8->p14 (+0.430); p15->p13 (+0.425); p13->p15 (+0.415); o8->p10 (+0.410); p13->o7 (+0.410); p15->p14 (+0.405); o8->p6 (+0.400),p14 (+0.720); p13 (+0.715); p15 (+0.715); p4 (-0.325); p3 (-0.310); p7 (-0.285); ae (-0.240); p10 (-0.185),Sudden,Synthetic process-model change
Nested_ORI_output_ORI_5.xes.gz,Nested,ORI,5.0,2999,1900,1950,50,2100,200,TP,0.14303535,0.06912172,o7->o8 (-0.630); p14->p15 (-0.425); o8->p13 (-0.420); p13->p14 (-0.415); o8->p6 (-0.400); p14->o7 (-0.380); p15->p14 (-0.375); p15->o7 (-0.370),p15 (-0.725); p13 (-0.720); p14 (-0.720); p3 (+0.315); p7 (+0.310); p4 (+0.300); p10 (+0.225); p5 (+0.225),Sudden,Synthetic process-model change
Nested_RIO_output_RIO.xes.gz,Nested,RIO,0.0,2999,900,950,50,1100,200,TP,0.05080899,0.01777297,o8->o9 (-0.595); o10->o7 (+0.500); o10->o9 (+0.370); o10->p6 (-0.360); o10->p5 (-0.300); o10->p10 (-0.255); p6->p10 (-0.220); p10->o7 (-0.205),p10 (-0.500); p5 (-0.500); p6 (-0.500); o9 (-0.415); p7 (-0.415); p4 (-0.415); p3 (-0.415); o10 (-0.415),Sudden,Synthetic process-model change
Nested_RIO_output_RIO.xes.gz,Nested,RIO,0.0,2999,1900,1940,40,2090,190,TP,0.05380326,0.01777297,o8->o9 (+0.615); o10->o7 (-0.540); o10->o9 (-0.430); o10->p5 (+0.335); o10->p10 (+0.320); o10->p6 (+0.290); p5->p6 (+0.250); p6->o7 (+0.245),p10 (+0.540); p5 (+0.540); p6 (+0.540); o9 (+0.405); p7 (+0.405); p4 (+0.405); p3 (+0.405); o10 (+0.405),Sudden,Synthetic process-model change
Nested_RIO_output_RIO_2.xes.gz,Nested,RIO,2.5,2999,900,950,50,1100,200,TP,0.0840957,0.05689607,o8->o9 (-0.565); o10->o7 (+0.500); o10->o9 (+0.370); o10->p6 (-0.355); o10->p5 (-0.295); o10->p10 (-0.255); p6->p10 (-0.215); p10->o7 (-0.205),p10 (-0.500); p6 (-0.495); p5 (-0.490); p4 (-0.415); o9 (-0.415); p7 (-0.415); p3 (-0.415); o10 (-0.415),Sudden,Synthetic process-model change
Nested_RIO_output_RIO_2.xes.gz,Nested,RIO,2.5,2999,1900,1940,40,2090,190,TP,0.08583306,0.05689607,o8->o9 (+0.595); o10->o7 (-0.535); o10->o9 (-0.430); o10->p5 (+0.335); o10->p10 (+0.310); o10->p6 (+0.285); p5->p6 (+0.250); p6->o7 (+0.235),p5 (+0.535); p6 (+0.535); p10 (+0.530); o9 (+0.405); p4 (+0.405); p3 (+0.405); o10 (+0.405); p7 (+0.400),Sudden,Synthetic process-model change
Nested_RIO_output_RIO_5.xes.gz,Nested,RIO,5.0,2999,900,950,50,1100,200,TP,0.09350178,0.06250128,o8->o9 (-0.570); o10->o7 (+0.495); o10->o9 (+0.370); o10->p6 (-0.340); o10->p5 (-0.290); o10->p10 (-0.250); p6->p10 (-0.205); p10->o7 (-0.195),p10 (-0.500); p6 (-0.500); p5 (-0.495); p3 (-0.420); o9 (-0.410); p4 (-0.410); o10 (-0.410); p7 (-0.405),Sudden,Synthetic process-model change
Nested_RIO_output_RIO_5.xes.gz,Nested,RIO,5.0,2999,1900,1940,40,2090,190,TP,0.12104648,0.06250128,t->be (+0.735); be->DRIFT_PO (+0.720); o8->o9 (+0.565); t->DRIFT_PO (-0.565); o10->o7 (-0.535); o10->o9 (-0.430); o10->p5 (+0.330); o10->p10 (+0.315),p5 (+0.540); p10 (+0.535); p6 (+0.535); be (+0.525); p7 (+0.405); p3 (+0.405); o9 (+0.400); p4 (+0.400),Sudden,Synthetic process-model change
Nested_ROI_output_ROI.xes.gz,Nested,ROI,0.0,2999,900,950,50,1100,200,TP,0.05548046,0.01733272,n7->o7 (-0.765); p7->n7 (-0.395); o9->o10 (+0.325); o10->o11 (+0.325); p5->n7 (-0.285); p6->n7 (-0.275); o11->o7 (+0.260); o8->o9 (+0.235),n7 (-0.680); p7 (-0.450); p5 (-0.450); p6 (-0.450); o9 (+0.325); o10 (+0.325); o11 (+0.325),Sudden,Synthetic process-model change
Nested_ROI_output_ROI.xes.gz,Nested,ROI,0.0,2999,1900,1940,40,2090,190,TP,0.06225889,0.01733272,n7->o7 (+0.725); p7->n7 (+0.345); p5->n7 (+0.340); p6->n7 (+0.285); o8->n7 (-0.285); o9->o10 (-0.275); o10->o11 (-0.275); o11->o7 (-0.235),n7 (+0.645); p7 (+0.480); p5 (+0.480); p6 (+0.480); o9 (-0.275); o10 (-0.275); o11 (-0.275),Sudden,Synthetic process-model change
Nested_ROI_output_ROI_2.xes.gz,Nested,ROI,2.5,2999,900,950,50,1100,200,TP,0.0846862,0.04601465,n7->o7 (-0.740); p7->n7 (-0.385); o10->o11 (+0.325); o9->o10 (+0.325); p6->n7 (-0.275); p5->n7 (-0.275); o11->o7 (+0.255); o8->o9 (+0.235),n7 (-0.675); p7 (-0.450); p5 (-0.450); p6 (-0.450); o11 (+0.330); o10 (+0.325); o9 (+0.320); be (-0.080),Sudden,Synthetic process-model change
Nested_ROI_output_ROI_2.xes.gz,Nested,ROI,2.5,2999,1900,1940,40,2090,190,TP,0.09095786,0.04601465,n7->o7 (+0.730); p5->n7 (+0.340); p7->n7 (+0.340); o8->n7 (-0.285); p6->n7 (+0.280); o10->o11 (-0.260); o9->o10 (-0.260); o11->o7 (-0.225),n7 (+0.640); p6 (+0.480); p7 (+0.475); p5 (+0.475); o9 (-0.270); o11 (-0.265); o10 (-0.255); ee (-0.135),Sudden,Synthetic process-model change
Nested_ROI_output_ROI_5.xes.gz,Nested,ROI,5.0,2999,900,950,50,1100,200,TP,0.10722755,0.06965846,n7->o7 (-0.745); i->ee (-0.510); ee->j (-0.505); p7->n7 (-0.395); i->j (+0.395); o10->o11 (+0.325); o9->o10 (+0.325); p5->n7 (-0.285),n7 (-0.675); p7 (-0.450); p6 (-0.450); p5 (-0.445); ee (-0.395); o10 (+0.330); o9 (+0.320); o11 (+0.320),Sudden,Synthetic process-model change
Nested_ROI_output_ROI_5.xes.gz,Nested,ROI,5.0,2999,1900,1940,40,2090,190,TP,0.10618773,0.06965846,n7->o7 (+0.710); p5->n7 (+0.340); p7->n7 (+0.330); o10->o11 (-0.275); p6->n7 (+0.275); o8->n7 (-0.275); o9->o10 (-0.265); o11->o7 (-0.215),n7 (+0.630); p7 (+0.475); p5 (+0.475); p6 (+0.470); o10 (-0.275); o11 (-0.270); o9 (-0.270),Sudden,Synthetic process-model change
